1001;FSK_jun;1;МОСКВА;НАРОДНОГО ОПОЛЧЕНИЯ УЛ., Д. 45 - М. ОКТЯБРЬСКОЕ ПОЛЕ (В ЦЕНТР);Женщина на розовом;A;1,23;ОСТАНОВКА;37,4923524;55,7940626;18.05.2018;8000;http://www.olymp.ru/index.php?op=sidedb&keyid=27173&no_cart=1&price=44;Не выбрано;0
1002;FSK_jun;1;МОСКВА;ЗЕЛЕНОГРАДСКИЙ АО, АНДРЕЕВКА УЛ. - ОСТ. 15-Й МКР. (В ЦЕНТР);Женщина на розовом;A;0,28;ОСТАНОВКА;37,1488748;55,9773099;18.05.2018;8000;http://olymp.ru/pic/standsKID/27174.jpg;Не выбрано;0
1003;FSK_jun;1;МОСКВА;ЗЕЛЕНОГРАДСКИЙ АО, КРЮКОВСКАЯ ПЛ. - ОСТ. СТ. КРЮКОВО (К-ЦО);Женщина на розовом;A;0,99;ОСТАНОВКА;37,1736737;55,9801465;18.05.2018;8000;http://www.olymp.ru/index.php?op=sidedb&keyid=27173&no_cart=1&price=45;Не выбрано;0
1004;FSK_jun;1;МОСКВА;ЗЕЛЕНОГРАДСКИЙ АО, ПАНФИЛОВСКИЙ ПР-Т, К. 1104 - ОСТ. 12-Й МКР. (В ЦЕНТР);Женщина на розовом;A;0,3;ОСТАНОВКА;37,1880244;55,9934704;18.05.2018;8000;http://olymp.ru/pic/standsKID/27174.jpg;Не выбрано;0
1005;FSK_jun;1;МОСКВА;ЗЕЛЕНОГРАДСКИЙ АО, ПАНФИЛОВСКИЙ ПР-Т, К. 1204 - ОСТ. 12-Й МКР. (ИЗ ЦЕНТРА);Женщина на розовом;A;0,23;ОСТАНОВКА;37,1909302;55,9957181;18.05.2018;8000;http://www.olymp.ru/index.php?op=sidedb&keyid=27173&no_cart=1&price=46;Не выбрано;0
1006;FSK_jun;1;МОСКВА;ЗЕЛЕНОГРАДСКИЙ АО, ПАНФИЛОВСКИЙ ПР-Т, К. 1804А - ОСТ. КРЮКОВСКАЯ ЭСТАКАДА (ИЗ ЦЕНТРА);Женщина на розовом;A;1,46;ОСТАНОВКА;37,1539396;55,9772413;18.05.2018;8000;http://olymp.ru/pic/standsKID/27174.jpg;Не выбрано;0
1007;FSK_jun;1;МОСКВА;ЗЕЛЕНОГРАДСКИЙ АО, ПАНФИЛОВСКИЙ ПР-Т, К. 1011 - ОСТ. ОКТЯБРЬСКАЯ  (В ЦЕНТР);Женщина на розовом;A;0,64;ОСТАНОВКА;37,6121611;55,7301506;18.05.2018;8000;http://www.olymp.ru/index.php?op=sidedb&keyid=27173&no_cart=1&price=47;Не выбрано;0
1008;FSK_jun;1;МОСКВА;ЗЕЛЕНОГРАДСКИЙ АО, ПАНФИЛОВСКИЙ ПР-Т, К. 1634, С. 12 - ОСТ. РЫНОК (В ЦЕНТР);Женщина на розовом;A;1,56;ОСТАНОВКА;37,200193;56,0085117;18.05.2018;8000;http://olymp.ru/pic/standsKID/27174.jpg;Не выбрано;0
1009;FSK_jun;1;МОСКВА;ЗЕЛЕНОГРАДСКИЙ АО, ПРИВОКЗАЛЬНАЯ ПЛ., С. 1 - ОСТ. СТ. КРЮКОВО (К-ЦО);Женщина на розовом;A;0,17;ОСТАНОВКА;37,1736737;55,9801465;18.05.2018;8000;http://www.olymp.ru/index.php?op=sidedb&keyid=27173&no_cart=1&price=48;Не выбрано;0
1010;FSK_jun;1;МОСКВА;ЗЕЛЕНОГРАДСКИЙ АО, СОСНОВАЯ АЛЛЕЯ Х ОЗЕРНАЯ АЛЛЕЯ, Д. 4 - ОСТ. ЦЕНТР ЮВЕЛИР (ИЗ ЦЕНТРА);Женщина на розовом;A;1,97;ОСТАНОВКА;37,226387;55,9895116;18.05.2018;8000;http://olymp.ru/pic/standsKID/27174.jpg;Не выбрано;0
1011;FSK_jun;1;МОСКВА;ЗЕЛЕНОГРАДСКИЙ АО, ЦЕНТРАЛЬНЫЙ ПР-Т - ОСТ. ПАРК ПОБЕДЫ (В ЦЕНТР);Женщина на розовом;A;1,34;ОСТАНОВКА;37,5052343;55,7287777;18.05.2018;8000;http://www.olymp.ru/index.php?op=sidedb&keyid=27173&no_cart=1&price=49;Не выбрано;0
1012;FSK_jun;1;МОСКВА;ЗЕЛЕНОГРАДСКИЙ АО, ГЕНЕРАЛА АЛЕКСЕЕВА ПР-Т, К. 250 - ОСТ. 1-Й ТОРГОВЫЙ ЦЕНТР (В ЦЕНТР);Женщина на розовом;A;1,83;ОСТАНОВКА;37,8452147;55,658314;18.05.2018;8000;http://olymp.ru/pic/standsKID/27174.jpg;Не выбрано;0
1013;FSK_jun;1;МОСКВА;ЗЕЛЕНОГРАДСКИЙ АО, ГОГОЛЯ УЛ., КРЮКОВСКАЯ ПЛ., Д. 1 - ОСТ. 10-Й МКР. (В ЦЕНТР);Женщина на розовом;A;0,74;ОСТАНОВКА;37,1724403;55,9863145;18.05.2018;8000;http://www.olymp.ru/index.php?op=sidedb&keyid=27173&no_cart=1&price=50;Не выбрано;0
1014;FSK_jun;1;МОСКВА;ЗЕЛЕНОГРАДСКИЙ АО, ЛЕНИНА УЛ., Д. 1 - ОСТ. СТ. КРЮКОВО (В ЦЕНТР);Женщина на розовом;A;0,3;ОСТАНОВКА;37,1720716;55,9791781;18.05.2018;8000;http://olymp.ru/pic/standsKID/27174.jpg;Не выбрано;0
1015;FSK_jun;1;МОСКВА;ЗЕЛЕНОГРАДСКИЙ АО, ЛОГВИНЕНКО УЛ., К. 1519 - ОСТ. ШКОЛА ИСКУССТВ (В ЦЕНТР);Женщина на розовом;A;0,95;ОСТАНОВКА;37,1578509;55,984516;18.05.2018;8000;http://www.olymp.ru/index.php?op=sidedb&keyid=27173&no_cart=1&price=51;Не выбрано;0
1016;FSK_jun;1;МОСКВА;ЗЕЛЕНОГРАДСКИЙ АО, МОСКОВСКИЙ ПР-Т, К. 513 - ОСТ. МОСКОВСКИЙ ПР-Т (В ЦЕНТР);Женщина на розовом;A;1;ОСТАНОВКА;37,2298343;55,9943002;18.05.2018;8000;http://olymp.ru/pic/standsKID/27174.jpg;Не выбрано;0
1017;FSK_jun;1;МОСКВА;ЗЕЛЕНОГРАДСКИЙ АО, ПАНФИЛОВСКИЙ ПР-Т - ОСТ. БЕЗ НАЗВАНИЯ (В ЦЕНТР);Женщина на розовом;A;1,97;ОСТАНОВКА;37,187956;55,9933902;18.05.2018;8000;http://www.olymp.ru/index.php?op=sidedb&keyid=27173&no_cart=1&price=52;Не выбрано;0
1018;FSK_jun;1;МОСКВА;ЗЕЛЕНОГРАДСКИЙ АО, ПАНФИЛОВСКИЙ ПР-Т - ОСТ. БЕЗ НАЗВАНИЯ (ИЗ ЦЕНТРА);Женщина на розовом;A;0,62;ОСТАНОВКА;37,187956;55,9933902;18.05.2018;8000;http://olymp.ru/pic/standsKID/27174.jpg;Не выбрано;0
1019;FSK_jun;1;МОСКВА;ЗЕЛЕНОГРАДСКИЙ АО, ПАНФИЛОВСКИЙ ПР-Т, К. 1640 - ОСТ. СУПЕРМАРКЕТ ПРОСПЕКТ (В ЦЕНТР);Женщина на розовом;A;0,28;ОСТАНОВКА;37,1539396;55,9772413;18.05.2018;8000;http://www.olymp.ru/index.php?op=sidedb&keyid=27173&no_cart=1&price=53;Не выбрано;0
1020;FSK_jun;1;МОСКВА;ЗЕЛЕНОГРАДСКИЙ АО, ПАНФИЛОВСКИЙ ПР-Т, К. 924 - ОСТ. ПАНФИЛОВСКИЙ ПР-Т (В ЦЕНТР);Женщина на розовом;A;0,45;ОСТАНОВКА;37,201082;56,010908;18.05.2018;8000;http://olymp.ru/pic/standsKID/27174.jpg;Не выбрано;0
1021;FSK_jun;1;МОСКВА;ЗЕЛЕНОГРАДСКИЙ АО, СОЛНЕЧНАЯ АЛЛЕЯ, К. 826 - ОСТ. УНИВЕРСАМ (В ЦЕНТР);Женщина на розовом;A;0,87;ОСТАНОВКА;37,1966645;55,9809684;18.05.2018;8000;http://www.olymp.ru/index.php?op=sidedb&keyid=27173&no_cart=1&price=54;Не выбрано;0
1022;FSK_jun;1;МОСКВА;ЗЕЛЕНОГРАДСКИЙ АО, ЦЕНТРАЛЬНЫЙ ПР-Т, К. 305 - ОСТ. МАГАЗИН ДЕТСКИЙ МИР (В ЦЕНТР);Женщина на розовом;A;0,59;ОСТАНОВКА;37,6246119;55,7601567;18.05.2018;8000;http://olymp.ru/pic/standsKID/27174.jpg;Не выбрано;0
1023;FSK_jun;1;МОСКВА;ЗЕЛЕНОГРАДСКИЙ АО, АНДРЕЕВКА УЛ. - ОСТ. 15-Й МКР. (В ЦЕНТР);Женщина на розовом;A;1,55;ОСТАНОВКА;37,1488748;55,9773099;18.05.2018;8000;http://www.olymp.ru/index.php?op=sidedb&keyid=27173&no_cart=1&price=55;Не выбрано;0
1024;FSK_jun;1;МОСКВА;ЗЕЛЕНОГРАДСКИЙ АО, КРЮКОВСКАЯ ПЛ. - ОСТ. СТ. КРЮКОВО (К-ЦО);Женщина на розовом;A;1,81;ОСТАНОВКА;37,1736737;55,9801465;18.05.2018;8000;http://olymp.ru/pic/standsKID/27174.jpg;Не выбрано;0
1025;FSK_jun;1;МОСКВА;ЗЕЛЕНОГРАДСКИЙ АО, ПАНФИЛОВСКИЙ ПР-Т, К. 1104 - ОСТ. 12-Й МКР. (В ЦЕНТР);Женщина на розовом;A;0,72;ОСТАНОВКА;37,1880244;55,9934704;18.05.2018;8000;http://www.olymp.ru/index.php?op=sidedb&keyid=27173&no_cart=1&price=56;Не выбрано;0
1026;FSK_jun;1;МОСКВА;ЗЕЛЕНОГРАДСКИЙ АО, ПАНФИЛОВСКИЙ ПР-Т, К. 1804А - ОСТ. КРЮКОВСКАЯ ЭСТАКАДА (ИЗ ЦЕНТРА);Женщина на розовом;A;1,22;ОСТАНОВКА;37,1539396;55,9772413;18.05.2018;8000;http://olymp.ru/pic/standsKID/27174.jpg;Не выбрано;0
1027;FSK_jun;1;МОСКВА;ЗЕЛЕНОГРАДСКИЙ АО, ПАНФИЛОВСКИЙ ПР-Т, К. 1011 - ОСТ. ОКТЯБРЬСКАЯ  (В ЦЕНТР);Женщина на розовом;A;1,1;ОСТАНОВКА;37,6121611;55,7301506;18.05.2018;8000;http://www.olymp.ru/index.php?op=sidedb&keyid=27173&no_cart=1&price=57;Не выбрано;0
1028;FSK_jun;1;МОСКВА;ПЕРВОМАЙСКАЯ УЛ., Д. 88 - ОСТ. К/Т ПЕРВОМАЙСКИЙ (ИЗ ЦЕНТРА);Женщина на розовом;A;1,81;КИНЕТИЧЕСКАЯ УСТАНОВКА (Меньще 3х6);37,800368;55,8052851;18.05.2018;17000;http://olymp.ru/pic/standsKID/27174.jpg;Не выбрано;0
1029;FSK_jun;1;МОСКВА;НАХИМОВСКИЙ ПР-Т, Д. 40 - М. ПРОФСОЮЗНАЯ (ИЗ ЦЕНТРА);Женщина на розовом;A;1,79;КИНЕТИЧЕСКАЯ УСТАНОВКА (Меньще 3х6);37,5538289;55,6842679;18.05.2018;17000;http://www.olymp.ru/index.php?op=sidedb&keyid=27173&no_cart=1&price=58;Не выбрано;0
1030;FSK_jun;1;МОСКВА;ЛЕНИНГРАДСКИЙ ПРОСП./1-ГО ЯМСКОГО ПОЛЯ УЛ.;Женщина на розовом;A;1,37;КИНЕТИЧЕСКАЯ УСТАНОВКА (Меньще 3х6);37,5844739;55,7834289;18.05.2018;17000;http://olymp.ru/pic/standsKID/27174.jpg;Не выбрано;0
1031;FSK_jun;1;МОСКВА;БОЛЬШАЯ ПОЛЯНКА УЛ.30;Женщина на розовом;A;0,26;КИНЕТИЧЕСКАЯ УСТАНОВКА (Меньще 3х6);37,6189627;55,7341539;18.05.2018;17000;http://www.olymp.ru/index.php?op=sidedb&keyid=27173&no_cart=1&price=59;Не выбрано;0
1032;FSK_jun;1;МОСКВА;ЗЕМЛЯНОЙ ВАЛ УЛ.65;Женщина на розовом;A;1,22;КИНЕТИЧЕСКАЯ УСТАНОВКА (Меньще 3х6);37,6561664;55,7478125;18.05.2018;17000;http://olymp.ru/pic/standsKID/27174.jpg;Не выбрано;0
1033;FSK_jun;1;МОСКВА;НИКИТСКАЯ УЛ./ТВЕРСКОЙ Б-Р;Женщина на розовом;A;0,75;КИНЕТИЧЕСКАЯ УСТАНОВКА (Меньще 3х6);37,5983317;55,7575402;18.05.2018;17000;http://www.olymp.ru/index.php?op=sidedb&keyid=27173&no_cart=1&price=60;Не выбрано;0
1034;FSK_jun;1;МОСКВА;НОВИНСКИЙ Б-Р 13;Женщина на розовом;A;1;КИНЕТИЧЕСКАЯ УСТАНОВКА (Меньще 3х6);37,582859;55,75383;18.05.2018;17000;http://olymp.ru/pic/standsKID/27174.jpg;Не выбрано;0
1035;FSK_jun;1;МОСКВА;ЛЕНИНГРАДСКИЙ ПРОСП./СКАКОВАЯ АЛЛЕЯ;Женщина на розовом;A;1,61;КИНЕТИЧЕСКАЯ УСТАНОВКА (Меньще 3х6);37,5703674;55,7794865;18.05.2018;17000;http://www.olymp.ru/index.php?op=sidedb&keyid=27173&no_cart=1&price=61;Не выбрано;0
1036;FSK_jun;1;МОСКВА;САВВИНСКАЯ НАБ. (НАПР.Д.21);Женщина на розовом;A;1,83;КИНЕТИЧЕСКАЯ УСТАНОВКА (Меньще 3х6);37,5653213;55,7348487;18.05.2018;17000;http://olymp.ru/pic/standsKID/27174.jpg;Не выбрано;0
1037;FSK_jun;1;МОСКВА;ДАНИЛОВСКАЯ НАБ. (НАПР.Д.2К2);Женщина на розовом;A;1,17;КИНЕТИЧЕСКАЯ УСТАНОВКА (Меньще 3х6);37,6366794;55,7085742;18.05.2018;17000;http://www.olymp.ru/index.php?op=sidedb&keyid=27173&no_cart=1&price=62;Не выбрано;0
1038;FSK_jun;1;МОСКВА;НИЖЕГОРОДСКАЯ УЛ. 32;Женщина на розовом;A;0,25;КИНЕТИЧЕСКАЯ УСТАНОВКА (Меньще 3х6);37,694987;55,7366613;18.05.2018;17000;http://olymp.ru/pic/standsKID/27174.jpg;Не выбрано;0
1039;FSK_jun;1;МОСКВА;МАНТУЛИНСКАЯ УЛ./СТУДЕНЧЕСКИЙ ПЕР.;Женщина на розовом;A;0,87;КИНЕТИЧЕСКАЯ УСТАНОВКА (Меньще 3х6);37,5455757;55,7411715;18.05.2018;17000;http://www.olymp.ru/index.php?op=sidedb&keyid=27173&no_cart=1&price=63;Не выбрано;0
1040;FSK_jun;1;МОСКВА;1-Я ДУБРОВСКАЯ УЛ. 2Б К.1;Женщина на розовом;A;1,74;КИНЕТИЧЕСКАЯ УСТАНОВКА (Меньще 3х6);37,6675976;55,7293215;18.05.2018;17000;http://olymp.ru/pic/standsKID/27174.jpg;Не выбрано;0
1041;FSK_jun;1;МОСКВА;ЯУЗСКАЯ УЛ.6;Женщина на розовом;A;1,8;КИНЕТИЧЕСКАЯ УСТАНОВКА (Меньще 3х6);37,6456546;55,7469214;18.05.2018;17000;http://www.olymp.ru/index.php?op=sidedb&keyid=27173&no_cart=1&price=64;Не выбрано;0
1042;FSK_jun;1;МОСКВА;ЛЕНИНГРАДСКИЙ ПРОСП./1-ГО ЯМСКОГО ПОЛЯ УЛ.;Женщина на розовом;A;0,72;КИНЕТИЧЕСКАЯ УСТАНОВКА (Меньще 3х6);37,5844739;55,7834289;18.05.2018;17000;http://olymp.ru/pic/standsKID/27174.jpg;Не выбрано;0
1043;FSK_jun;1;МОСКВА;БОЛЬШАЯ ПОЛЯНКА УЛ.30;Женщина на розовом;A;1,67;КИНЕТИЧЕСКАЯ УСТАНОВКА (Меньще 3х6);37,6189627;55,7341539;18.05.2018;17000;http://www.olymp.ru/index.php?op=sidedb&keyid=27173&no_cart=1&price=65;Не выбрано;0
1044;FSK_jun;1;МОСКВА;ЗЕМЛЯНОЙ ВАЛ УЛ.65;Женщина на розовом;A;1,41;КИНЕТИЧЕСКАЯ УСТАНОВКА (Меньще 3х6);37,6561664;55,7478125;18.05.2018;17000;http://olymp.ru/pic/standsKID/27174.jpg;Не выбрано;0
1045;FSK_jun;1;МОСКВА;НИКИТСКАЯ УЛ./ТВЕРСКОЙ Б-Р;Женщина на розовом;A;0,73;КИНЕТИЧЕСКАЯ УСТАНОВКА (Меньще 3х6);37,5983317;55,7575402;18.05.2018;17000;http://www.olymp.ru/index.php?op=sidedb&keyid=27173&no_cart=1&price=66;Не выбрано;0
1046;FSK_jun;1;МОСКВА;НОВИНСКИЙ Б-Р 13;Женщина на розовом;A;0,49;КИНЕТИЧЕСКАЯ УСТАНОВКА (Меньще 3х6);37,582859;55,75383;18.05.2018;17000;http://olymp.ru/pic/standsKID/27174.jpg;Не выбрано;0
1047;FSK_jun;1;МОСКВА;СМОЛЕНСКИЙ Б-Р 19;Женщина на розовом;A;0,8;КИНЕТИЧЕСКАЯ УСТАНОВКА (Меньще 3х6);37,5834021;55,7435678;18.05.2018;17000;http://www.olymp.ru/index.php?op=sidedb&keyid=27173&no_cart=1&price=67;Не выбрано;0
1048;FSK_jun;1;МОСКВА;ЛЕНИНГРАДСКИЙ ПРОСП./СКАКОВАЯ АЛЛЕЯ;Женщина на розовом;A;1,11;КИНЕТИЧЕСКАЯ УСТАНОВКА (Меньще 3х6);37,5703674;55,7794865;18.05.2018;17000;http://olymp.ru/pic/standsKID/27174.jpg;Не выбрано;0
1049;FSK_jun;1;МОСКВА;БОЛЬШИЕ КАМЕНЩИКИ УЛ. 23;Женщина на розовом;A;1,49;КИНЕТИЧЕСКАЯ УСТАНОВКА (Меньще 3х6);37,655891;55,7363247;18.05.2018;17000;http://www.olymp.ru/index.php?op=sidedb&keyid=27173&no_cart=1&price=68;Не выбрано;0
1050;FSK_jun;1;МОСКВА;САВВИНСКАЯ НАБ. (НАПР.Д.21);Женщина на розовом;A;1,45;КИНЕТИЧЕСКАЯ УСТАНОВКА (Меньще 3х6);37,5653213;55,7348487;18.05.2018;17000;http://olymp.ru/pic/standsKID/27174.jpg;Не выбрано;0
1051;FSK_jun;1;МОСКВА;ДАНИЛОВСКАЯ НАБ. (НАПР.Д.2К2);Женщина на розовом;A;1,93;КИНЕТИЧЕСКАЯ УСТАНОВКА (Меньще 3х6);37,6366794;55,7085742;18.05.2018;18000;http://www.olymp.ru/index.php?op=sidedb&keyid=27173&no_cart=1&price=69;Не выбрано;0
1052;FSK_jun;1;МОСКВА;1-Я ДУБРОВСКАЯ УЛ. 2Б К.1;Женщина на розовом;A;0,4;КИНЕТИЧЕСКАЯ УСТАНОВКА (Меньще 3х6);37,6675976;55,7293215;18.05.2018;18000;http://olymp.ru/pic/standsKID/27174.jpg;Не выбрано;0
1053;FSK_jun;1;МОСКВА;АНДРОНЬЕВСКАЯ ПЛ.;Женщина на розовом;A;1,86;КИНЕТИЧЕСКАЯ УСТАНОВКА (Меньще 3х6);37,6704708;55,7472301;18.05.2018;18000;http://www.olymp.ru/index.php?op=sidedb&keyid=27173&no_cart=1&price=70;Не выбрано;0
1054;FSK_jun;1;МОСКВА;БОЛЬШАЯ ЯКИМАНКА УЛ./БОЛЬШАЯ ПОЛЯНКА УЛ.;Женщина на розовом;A;0,14;КИНЕТИЧЕСКАЯ УСТАНОВКА (Меньще 3х6);37,613592;55,734642;18.05.2018;18000;http://olymp.ru/pic/standsKID/27174.jpg;Не выбрано;0
1055;FSK_jun;1;МОСКВА;БОЛЬШАЯ СЕРПУХОВСКАЯ УЛ.31К.1;Женщина на розовом;A;0,13;КИНЕТИЧЕСКАЯ УСТАНОВКА (Меньще 3х6);37,627879;55,722067;18.05.2018;18000;http://www.olymp.ru/index.php?op=sidedb&keyid=27173&no_cart=1&price=71;Не выбрано;0
1056;FSK_jun;1;МОСКВА;САДОВАЯ-СУХАРЕВСКАЯ УЛ./ЦВЕТНОЙ Б-Р;Женщина на розовом;A;0,59;КИНЕТИЧЕСКАЯ УСТАНОВКА (Меньще 3х6);37,6259701;55,7731544;18.05.2018;18000;http://olymp.ru/pic/standsKID/27174.jpg;Не выбрано;0
1057;FSK_jun;1;МОСКВА;СТРАСТНОЙ Б-Р /ПЕТРОВКА УЛ.;Женщина на розовом;A;1,42;КИНЕТИЧЕСКАЯ УСТАНОВКА (Меньще 3х6);37,6133566;55,7677519;18.05.2018;18000;http://www.olymp.ru/index.php?op=sidedb&keyid=27173&no_cart=1&price=72;Не выбрано;0
1058;FSK_jun;1;МОСКВА;ОРЛИКОВ ПЕР. 8;Женщина на розовом;A;0,44;КИНЕТИЧЕСКАЯ УСТАНОВКА (Меньще 3х6);37,6493393;55,7715739;18.05.2018;18000;http://olymp.ru/pic/standsKID/27174.jpg;Не выбрано;0
1059;FSK_jun;1;МОСКВА;КУТУЗОВСКИЙ ПРОСП. 32;Женщина на розовом;A;1,73;КИНЕТИЧЕСКАЯ УСТАНОВКА (Меньще 3х6);37,5320027;55,7404293;18.05.2018;18000;http://www.olymp.ru/index.php?op=sidedb&keyid=27173&no_cart=1&price=73;Не выбрано;0
1060;FSK_jun;1;МОСКВА;РАДИО УЛ. 24 К.1;Женщина на розовом;A;1,34;КИНЕТИЧЕСКАЯ УСТАНОВКА (Меньще 3х6);37,6835081;55,762224;18.05.2018;18000;http://olymp.ru/pic/standsKID/27174.jpg;Не выбрано;0
1061;FSK_jun;1;МОСКВА;НОВАЯ БАСМАННАЯ УЛ. 12 С.2А;Женщина на розовом;A;1,56;КИНЕТИЧЕСКАЯ УСТАНОВКА (Меньще 3х6);37,657018;55,769452;18.05.2018;18000;http://www.olymp.ru/index.php?op=sidedb&keyid=27173&no_cart=1&price=74;Не выбрано;0
1062;FSK_jun;1;МОСКВА;ПАВЛОВСКАЯ УЛ. 1;Женщина на розовом;A;1,39;КИНЕТИЧЕСКАЯ УСТАНОВКА (Меньще 3х6);37,6276022;55,7189358;18.05.2018;18000;http://olymp.ru/pic/standsKID/27174.jpg;Не выбрано;0
1063;FSK_jun;1;МОСКВА;СЕЛЕЗНЕВСКАЯ УЛ. 11 С.1;Женщина на розовом;A;1,15;КИНЕТИЧЕСКАЯ УСТАНОВКА (Меньще 3х6);37,60465;55,780711;18.05.2018;18000;http://www.olymp.ru/index.php?op=sidedb&keyid=27173&no_cart=1&price=75;Не выбрано;0
1064;FSK_jun;1;МОСКВА;МАРКСИСТСКАЯ УЛ. 20;Женщина на розовом;A;1,1;КИНЕТИЧЕСКАЯ УСТАНОВКА (Меньще 3х6);37,6593126;55,7386474;18.05.2018;18000;http://olymp.ru/pic/standsKID/27174.jpg;Не выбрано;0
1065;FSK_jun;1;МОСКВА;АНДРОНЬЕВСКАЯ ПЛ.;Женщина на розовом;A;1,62;КИНЕТИЧЕСКАЯ УСТАНОВКА (Меньще 3х6);37,6704708;55,7472301;18.05.2018;18000;http://www.olymp.ru/index.php?op=sidedb&keyid=27173&no_cart=1&price=76;Не выбрано;0
1066;FSK_jun;1;МОСКВА;БОЛЬШАЯ ЯКИМАНКА УЛ./БОЛЬШАЯ ПОЛЯНКА УЛ.;Женщина на розовом;A;1,2;КИНЕТИЧЕСКАЯ УСТАНОВКА (Меньще 3х6);37,613592;55,734642;18.05.2018;18000;http://olymp.ru/pic/standsKID/27174.jpg;Не выбрано;0
1067;FSK_jun;1;МОСКВА;НОВЫЙ АРБАТ УЛ.24;Женщина на розовом;A;1,04;ОСТАНОВКА;37,5868633;55,7528737;18.05.2018;18000;http://www.olymp.ru/index.php?op=sidedb&keyid=27173&no_cart=1&price=77;Не выбрано;0
1068;FSK_jun;1;МОСКВА;НОВЫЙ АРБАТ УЛ.25;Женщина на розовом;A;1,47;ОСТАНОВКА;37,5808719;55,752022;18.05.2018;18000;http://olymp.ru/pic/standsKID/27174.jpg;Не выбрано;0
1069;FSK_jun;1;МОСКВА;1905 ГОДА УЛ.14;Женщина на розовом;A;1,12;КИНЕТИЧЕСКАЯ УСТАНОВКА (Меньще 3х6);37,557239;55,76918;18.05.2018;18000;http://www.olymp.ru/index.php?op=sidedb&keyid=27173&no_cart=1&price=78;Не выбрано;0
1070;FSK_jun;1;МОСКВА;МЫТНАЯ УЛ.23 К.8;Женщина на розовом;A;1,63;КИНЕТИЧЕСКАЯ УСТАНОВКА (Меньще 3х6);37,619509;55,717231;18.05.2018;18000;http://olymp.ru/pic/standsKID/27174.jpg;Не выбрано;0
1071;FSK_jun;1;МОСКВА;МЫТНАЯ УЛ.3;Женщина на розовом;A;1,88;КИНЕТИЧЕСКАЯ УСТАНОВКА (Меньще 3х6);37,6157359;55,727547;18.05.2018;18000;http://www.olymp.ru/index.php?op=sidedb&keyid=27173&no_cart=1&price=79;Не выбрано;0
1072;FSK_jun;1;МОСКВА;БОЛЬШАЯ СЕРПУХОВСКАЯ УЛ.31К.1;Женщина на розовом;A;1,43;КИНЕТИЧЕСКАЯ УСТАНОВКА (Меньще 3х6);37,627879;55,722067;18.05.2018;18000;http://olymp.ru/pic/standsKID/27174.jpg;Не выбрано;0
1073;FSK_jun;1;МОСКВА;САДОВАЯ-СУХАРЕВСКАЯ УЛ./ЦВЕТНОЙ Б-Р;Женщина на розовом;A;1,09;КИНЕТИЧЕСКАЯ УСТАНОВКА (Меньще 3х6);37,6259701;55,7731544;18.05.2018;18000;http://www.olymp.ru/index.php?op=sidedb&keyid=27173&no_cart=1&price=80;Не выбрано;0
1074;FSK_jun;1;МОСКВА;МАЛАЯ ДМИТРОВКА УЛ.9;Женщина на розовом;A;1,42;ПИЛОН;37,6055987;55,768611;18.05.2018;18000;http://olymp.ru/pic/standsKID/27174.jpg;Не выбрано;0
1075;FSK_jun;1;МОСКВА;НОВАЯ БАСМАННАЯ УЛ. 12 С.2А;Женщина на розовом;A;0,28;КИНЕТИЧЕСКАЯ УСТАНОВКА (Меньще 3х6);37,657018;55,769452;18.05.2018;18000;http://www.olymp.ru/index.php?op=sidedb&keyid=27173&no_cart=1&price=81;Не выбрано;0
1076;FSK_jun;1;МОСКВА;ПАВЛОВСКАЯ УЛ. 1;Женщина на розовом;A;1,66;КИНЕТИЧЕСКАЯ УСТАНОВКА (Меньще 3х6);37,6276022;55,7189358;18.05.2018;18000;http://olymp.ru/pic/standsKID/27174.jpg;Не выбрано;0
1077;FSK_jun;1;МОСКВА;СЕЛЕЗНЕВСКАЯ УЛ. 11 С.1;Женщина на розовом;A;0,89;КИНЕТИЧЕСКАЯ УСТАНОВКА (Меньще 3х6);37,60465;55,780711;18.05.2018;18000;http://www.olymp.ru/index.php?op=sidedb&keyid=27173&no_cart=1&price=82;Не выбрано;0
1078;FSK_jun;1;МОСКВА;НОВИНСКИЙ Б-Р 16;Женщина на розовом;A;1,02;КИНЕТИЧЕСКАЯ УСТАНОВКА (Меньще 3х6);37,5839863;55,7539889;18.05.2018;18000;http://olymp.ru/pic/standsKID/27174.jpg;Не выбрано;0
1079;FSK_jun;1;МОСКВА;МАРКСИСТСКАЯ УЛ. 20;Женщина на розовом;A;1,31;ЩИТ (3х6);37,6593126;55,7386474;18.05.2018;48310;http://www.olymp.ru/index.php?op=sidedb&keyid=27173&no_cart=1&price=83;Не выбрано;0
1080;FSK_jun;1;МОСКВА;НОСОВИХИНСКОЕ Ш. (В 150 М ОТ МКАД СЛЕВА);Женщина на розовом;A;1,57;КИНЕТИЧЕСКАЯ УСТАНОВКА (Меньще 3х6);37,902964;55,7524183;18.05.2018;50000;http://olymp.ru/pic/standsKID/27174.jpg;Не выбрано;0
1081;FSK_jun;1;МОСКВА;НОВОРЯЗАНСКОЕ Ш. (МЕЖДУ МКАД И ГЕНЕРАЛА КУЗНЕЦОВА УЛ.);Женщина на розовом;A;0,05;КИНЕТИЧЕСКАЯ УСТАНОВКА (Меньще 3х6);37,8548295;55,6842625;18.05.2018;50000;http://www.olymp.ru/index.php?op=sidedb&keyid=27173&no_cart=1&price=84;Не выбрано;0
1082;FSK_jun;1;МОСКВА;ТАГАНСКАЯ ПЛ.;Женщина на розовом;A;0,85;КИНЕТИЧЕСКАЯ УСТАНОВКА (Меньще 3х6);37,6536939;55,7403954;18.05.2018;50000;http://olymp.ru/pic/standsKID/27174.jpg;Не выбрано;0
1083;FSK_jun;1;МОСКВА;МАРКСИСТСКАЯ УЛ.5;Женщина на розовом;A;1,77;КИНЕТИЧЕСКАЯ УСТАНОВКА (Меньще 3х6);37,6639489;55,737151;18.05.2018;50000;http://www.olymp.ru/index.php?op=sidedb&keyid=27173&no_cart=1&price=85;Не выбрано;0
1084;FSK_jun;1;МОСКВА;1905 ГОДА УЛ.7;Женщина на розовом;A;1,59;КИНЕТИЧЕСКАЯ УСТАНОВКА (Меньще 3х6);37,5586509;55,761581;18.05.2018;50000;http://olymp.ru/pic/standsKID/27174.jpg;Не выбрано;0
1085;FSK_jun;1;МОСКВА;ХАМОВНИЧЕСКИЙ ВАЛ УЛ./ЕФРЕМОВА УЛ.;Женщина на розовом;A;1,36;КИНЕТИЧЕСКАЯ УСТАНОВКА (Меньще 3х6);37,5636479;55,7214727;18.05.2018;50000;http://www.olymp.ru/index.php?op=sidedb&keyid=27173&no_cart=1&price=86;Не выбрано;0
1086;FSK_jun;1;МОСКВА;1905 ГОДА УЛ./ШМИТОВСКИЙ ПР.;Женщина на розовом;A;0,77;КИНЕТИЧЕСКАЯ УСТАНОВКА (Меньще 3х6);37,557011;55,7591758;18.05.2018;50000;http://olymp.ru/pic/standsKID/27174.jpg;Не выбрано;0
1087;FSK_jun;1;МОСКВА;БЕРЕЖКОВСКАЯ НАБ.12;Женщина на розовом;A;1,36;КИНЕТИЧЕСКАЯ УСТАНОВКА (Меньще 3х6);37,5644462;55,7382867;18.05.2018;50000;http://www.olymp.ru/index.php?op=sidedb&keyid=27173&no_cart=1&price=87;Не выбрано;0
1088;FSK_jun;1;МОСКВА;САМОТЕЧНАЯ УЛ./ВОЛКОНСКИЙ 1-Й ПЕР.;Женщина на розовом;A;1,24;КИНЕТИЧЕСКАЯ УСТАНОВКА (Меньще 3х6);37,6174266;55,774779;18.05.2018;50000;http://olymp.ru/pic/standsKID/27174.jpg;Не выбрано;0
1089;FSK_jun;1;МОСКВА;1905 ГОДА УЛ.1;Женщина на розовом;A;0,82;КИНЕТИЧЕСКАЯ УСТАНОВКА (Меньще 3х6);37,5580269;55,7576196;18.05.2018;50000;http://www.olymp.ru/index.php?op=sidedb&keyid=27173&no_cart=1&price=88;Не выбрано;0
1090;FSK_jun;1;МОСКВА;НОВИНСКИЙ Б-Р 17;Женщина на розовом;A;0,02;КИНЕТИЧЕСКАЯ УСТАНОВКА (Меньще 3х6);37,5829048;55,755116;18.05.2018;50000;http://olymp.ru/pic/standsKID/27174.jpg;Не выбрано;0
1091;FSK_jun;1;МОСКВА;РЯЗАНСКИЙ ПР./ЮЖНЫЙ ПР.;Женщина на розовом;A;0,4;КИНЕТИЧЕСКАЯ УСТАНОВКА (Меньще 3х6);37,7808815;55,7193861;18.05.2018;50000;http://www.olymp.ru/index.php?op=sidedb&keyid=27173&no_cart=1&price=89;Не выбрано;0
1092;FSK_jun;1;МОСКВА;ТАГАНСКАЯ ПЛ./ЗЕМЛЯНОЙ ВАЛ УЛ.;Женщина на розовом;A;1,7;КИНЕТИЧЕСКАЯ УСТАНОВКА (Меньще 3х6);37,653327;55,7411847;18.05.2018;50000;http://olymp.ru/pic/standsKID/27174.jpg;Не выбрано;0
1093;FSK_jun;1;МОСКВА;СМОЛЕНСКИЙ Б-Р 6-8;Женщина на розовом;A;1,12;КИНЕТИЧЕСКАЯ УСТАНОВКА (Меньще 3х6);37,5863259;55,7405119;18.05.2018;50000;http://www.olymp.ru/index.php?op=sidedb&keyid=27173&no_cart=1&price=90;Не выбрано;0
1094;FSK_jun;1;МОСКВА;ЗАЦЕПСКИЙ ВАЛ УЛ. (ПАВЕЛЕЦКАЯ ПЛ.);Женщина на розовом;A;1,46;КИНЕТИЧЕСКАЯ УСТАНОВКА (Меньще 3х6);37,6393494;55,7297464;18.05.2018;50000;http://olymp.ru/pic/standsKID/27174.jpg;Не выбрано;0
1095;FSK_jun;1;МОСКВА;ЗЕМЛЯНОЙ ВАЛ УЛ. 2;Женщина на розовом;A;0,76;КИНЕТИЧЕСКАЯ УСТАНОВКА (Меньще 3х6);37,6564629;55,763575;18.05.2018;50000;http://www.olymp.ru/index.php?op=sidedb&keyid=27173&no_cart=1&price=91;Не выбрано;0
1096;FSK_jun;1;МОСКВА;БОЛЬШАЯ ДОРОГОМИЛОВСКАЯ УЛ. 5;Женщина на розовом;A;1,17;КИНЕТИЧЕСКАЯ УСТАНОВКА (Меньще 3х6);37,560011;55,745909;18.05.2018;50000;http://olymp.ru/pic/standsKID/27174.jpg;Не выбрано;0
1097;FSK_jun;1;МОСКВА;КРЫМСКИЙ ВАЛ УЛ. 8;Женщина на розовом;A;1,74;КИНЕТИЧЕСКАЯ УСТАНОВКА (Меньще 3х6);37,6091168;55,7312591;18.05.2018;50000;http://www.olymp.ru/index.php?op=sidedb&keyid=27173&no_cart=1&price=92;Не выбрано;0
1098;FSK_jun;1;МОСКВА;АБЕЛЬМАНОВСКАЯ УЛ. (НАПР.Д.9);Женщина на розовом;A;0,24;КИНЕТИЧЕСКАЯ УСТАНОВКА (Меньще 3х6);37,671113;55,7360709;18.05.2018;50000;http://olymp.ru/pic/standsKID/27174.jpg;Не выбрано;0
1099;FSK_jun;1;МОСКВА;НАРОДНАЯ УЛ. 3;Женщина на розовом;A;1,66;КИНЕТИЧЕСКАЯ УСТАНОВКА (Меньще 3х6);37,6519158;55,7392418;18.05.2018;50000;http://www.olymp.ru/index.php?op=sidedb&keyid=27173&no_cart=1&price=93;Не выбрано;0
1100;FSK_jun;1;МОСКВА;ДЕРБЕНЕВСКАЯ НАБ. 1;Женщина на розовом;A;0,85;КИНЕТИЧЕСКАЯ УСТАНОВКА (Меньще 3х6);37,6536376;55,727976;18.05.2018;50000;http://olymp.ru/pic/standsKID/27174.jpg;Не выбрано;0
1101;FSK_jun;1;МОСКВА;1-Я ДУБРОВСКАЯ УЛ. 1 К.1;Женщина на розовом;A;1,41;КИНЕТИЧЕСКАЯ УСТАНОВКА (Меньще 3х6);37,668231;55,730194;18.05.2018;50000;http://www.olymp.ru/index.php?op=sidedb&keyid=27173&no_cart=1&price=94;Не выбрано;0
1102;FSK_jun;1;МОСКВА;ТАГАНСКАЯ ПЛ.;Женщина на розовом;A;0,98;КИНЕТИЧЕСКАЯ УСТАНОВКА (Меньще 3х6);37,6536939;55,7403954;18.05.2018;50000;http://olymp.ru/pic/standsKID/27174.jpg;Не выбрано;0
1103;FSK_jun;1;МОСКВА;МАРКСИСТСКАЯ УЛ.5;Женщина на розовом;A;1,68;КИНЕТИЧЕСКАЯ УСТАНОВКА (Меньще 3х6);37,6639489;55,737151;18.05.2018;50000;http://www.olymp.ru/index.php?op=sidedb&keyid=27173&no_cart=1&price=95;Не выбрано;0
1104;FSK_jun;1;МОСКВА;1905 ГОДА УЛ.7;Женщина на розовом;A;1,82;КИНЕТИЧЕСКАЯ УСТАНОВКА (Меньще 3х6);37,5586509;55,761581;18.05.2018;50000;http://olymp.ru/pic/standsKID/27174.jpg;Не выбрано;0
1105;FSK_jun;1;МОСКВА;ХАМОВНИЧЕСКИЙ ВАЛ УЛ./ЕФРЕМОВА УЛ.;Женщина на розовом;A;0,32;КИНЕТИЧЕСКАЯ УСТАНОВКА (Меньще 3х6);37,5636479;55,7214727;18.05.2018;50000;http://www.olymp.ru/index.php?op=sidedb&keyid=27173&no_cart=1&price=96;Не выбрано;0
1106;FSK_jun;1;МОСКВА;1905 ГОДА УЛ./ШМИТОВСКИЙ ПР.;Женщина на розовом;A;0,55;КИНЕТИЧЕСКАЯ УСТАНОВКА (Меньще 3х6);37,557011;55,7591758;18.05.2018;50000;http://olymp.ru/pic/standsKID/27174.jpg;Не выбрано;0
1107;FSK_jun;1;МОСКВА;БЕРЕЖКОВСКАЯ НАБ.12;Женщина на розовом;A;0,63;КИНЕТИЧЕСКАЯ УСТАНОВКА (Меньще 3х6);37,5644462;55,7382867;18.05.2018;50000;http://www.olymp.ru/index.php?op=sidedb&keyid=27173&no_cart=1&price=97;Не выбрано;0
1108;FSK_jun;1;МОСКВА;1905 ГОДА УЛ.1;Женщина на розовом;A;1,85;КИНЕТИЧЕСКАЯ УСТАНОВКА (Меньще 3х6);37,5580269;55,7576196;18.05.2018;50000;http://olymp.ru/pic/standsKID/27174.jpg;Не выбрано;0
1109;FSK_jun;1;МОСКВА;НОВИНСКИЙ Б-Р 17;Женщина на розовом;A;0,79;КИНЕТИЧЕСКАЯ УСТАНОВКА (Меньще 3х6);37,5829048;55,755116;18.05.2018;50000;http://www.olymp.ru/index.php?op=sidedb&keyid=27173&no_cart=1&price=98;Не выбрано;0
1110;FSK_jun;1;МОСКВА;РЯЗАНСКИЙ ПР./ЮЖНЫЙ ПР.;Женщина на розовом;A;0,09;КИНЕТИЧЕСКАЯ УСТАНОВКА (Меньще 3х6);37,7808815;55,7193861;18.05.2018;50000;http://olymp.ru/pic/standsKID/27174.jpg;Не выбрано;0
1111;FSK_jun;1;МОСКВА;ТАГАНСКАЯ ПЛ./ЗЕМЛЯНОЙ ВАЛ УЛ.;Женщина на розовом;A;1,12;КИНЕТИЧЕСКАЯ УСТАНОВКА (Меньще 3х6);37,653327;55,7411847;18.05.2018;50000;http://www.olymp.ru/index.php?op=sidedb&keyid=27173&no_cart=1&price=99;Не выбрано;0
1112;FSK_jun;1;МОСКВА;СМОЛЕНСКИЙ Б-Р 6-8;Женщина на розовом;A;0,93;КИНЕТИЧЕСКАЯ УСТАНОВКА (Меньще 3х6);37,5863259;55,7405119;18.05.2018;50000;http://olymp.ru/pic/standsKID/27174.jpg;Не выбрано;0
1113;FSK_jun;1;МОСКВА;ЗАЦЕПСКИЙ ВАЛ УЛ. (ПАВЕЛЕЦКАЯ ПЛ.);Женщина на розовом;A;0,63;КИНЕТИЧЕСКАЯ УСТАНОВКА (Меньще 3х6);37,6393494;55,7297464;18.05.2018;50000;http://www.olymp.ru/index.php?op=sidedb&keyid=27173&no_cart=1&price=100;Не выбрано;0
1114;FSK_jun;1;МОСКВА;ЗАМОРЕНОВА УЛ.23;Женщина на розовом;A;1,83;КИНЕТИЧЕСКАЯ УСТАНОВКА (Меньще 3х6);37,5691691;55,7606429;18.05.2018;50000;http://olymp.ru/pic/standsKID/27174.jpg;Не выбрано;0
1115;FSK_jun;1;МОСКВА;ЗЕМЛЯНОЙ ВАЛ УЛ. 2;Женщина на розовом;A;1,41;КИНЕТИЧЕСКАЯ УСТАНОВКА (Меньще 3х6);37,6564629;55,763575;18.05.2018;50000;http://www.olymp.ru/index.php?op=sidedb&keyid=27173&no_cart=1&price=101;Не выбрано;0
1116;FSK_jun;1;МОСКВА;РОГОЖСКИЙ ВАЛ УЛ. 2;Женщина на розовом;A;0,84;КИНЕТИЧЕСКАЯ УСТАНОВКА (Меньще 3х6);37,6791232;55,7455091;18.05.2018;50000;http://olymp.ru/pic/standsKID/27174.jpg;Не выбрано;0
1117;FSK_jun;1;МОСКВА;АБЕЛЬМАНОВСКАЯ УЛ. (НАПР.Д.9);Женщина на розовом;A;1,1;КИНЕТИЧЕСКАЯ УСТАНОВКА (Меньще 3х6);37,671113;55,7360709;18.05.2018;50000;http://www.olymp.ru/index.php?op=sidedb&keyid=27173&no_cart=1&price=102;Не выбрано;0
1118;FSK_jun;1;МОСКВА;НАРОДНАЯ УЛ. 3;Женщина на розовом;A;0,21;КИНЕТИЧЕСКАЯ УСТАНОВКА (Меньще 3х6);37,6519158;55,7392418;18.05.2018;50000;http://olymp.ru/pic/standsKID/27174.jpg;Не выбрано;0
1119;FSK_jun;1;МОСКВА;ДЕРБЕНЕВСКАЯ НАБ. 1;Женщина на розовом;A;1,27;КИНЕТИЧЕСКАЯ УСТАНОВКА (Меньще 3х6);37,6536376;55,727976;18.05.2018;50000;http://www.olymp.ru/index.php?op=sidedb&keyid=27173&no_cart=1&price=103;Не выбрано;0
1120;FSK_jun;1;МОСКВА;1-Я ДУБРОВСКАЯ УЛ. 1 К.1;Женщина на розовом;A;1,05;КИНЕТИЧЕСКАЯ УСТАНОВКА (Меньще 3х6);37,668231;55,730194;18.05.2018;50000;http://olymp.ru/pic/standsKID/27174.jpg;Не выбрано;0
1121;FSK_jun;1;МОСКВА;ЛЕРМОНТОВСКИЙ ПРОСП./2-Й ЛЮБЕРЕЦКИЙ ПР.;Женщина на розовом;A;0,56;ЩИТ (3х6);37,8448069;55,7040965;18.05.2018;73008;http://www.olymp.ru/index.php?op=sidedb&keyid=27173&no_cart=1&price=104;Не выбрано;0
1122;FSK_jun;1;МОСКВА;ЛЕРМОНТОВСКИЙ ПРОСП./2-Й ЛЮБЕРЕЦКИЙ ПР.;Женщина на розовом;A;1,49;ЩИТ (3х6);37,8448069;55,7040965;18.05.2018;73008;http://olymp.ru/pic/standsKID/27174.jpg;Не выбрано;0
1123;FSK_jun;1;МОСКВА;26-ТИ БАКИНСКИХ КОМИССАРОВ УЛ.5;Женщина на розовом;A;1,42;ТРИВИЖН (3х6);37,487286;55,658725;18.05.2018;73008;http://www.olymp.ru/index.php?op=sidedb&keyid=27173&no_cart=1&price=105;Не выбрано;0
1124;FSK_jun;1;МОСКВА;ПОДОЛЬСКИХ КУРСАНТОВ УЛ./ДОРОЖНАЯ УЛ.;Женщина на розовом;A;0,47;ЩИТ (3х6);37,6189159;55,597693;18.05.2018;73008;http://olymp.ru/pic/standsKID/27174.jpg;Не выбрано;0
1125;FSK_jun;1;МОСКВА;ЛЕНИНГРАДСКОЕ Ш.50;Женщина на розовом;A;0,17;ЩИТ (3х6);37,4855133;55,8353947;18.05.2018;73008;http://www.olymp.ru/index.php?op=sidedb&keyid=27173&no_cart=1&price=106;Не выбрано;0
1126;FSK_jun;1;МОСКВА;ПРОЛЕТАРСКИЙ ПРОСП.25;Женщина на розовом;A;0,77;КИНЕТИЧЕСКАЯ УСТАНОВКА (3х6);37,6571005;55,6363889;18.05.2018;73008;http://olymp.ru/pic/standsKID/27174.jpg;Не выбрано;0
1127;FSK_jun;1;МОСКВА;ШИПИЛОВСКИЙ ПР. (М.ОРЕХОВО);Женщина на розовом;A;0,28;ТРИВИЖН (3х6);37,69861;55,609323;18.05.2018;73008;http://www.olymp.ru/index.php?op=sidedb&keyid=27173&no_cart=1&price=107;Не выбрано;0
1128;FSK_jun;1;МОСКВА;КОРОВИНСКОЕ Ш.21;Женщина на розовом;A;1,62;ЩИТ (3х6);37,5245084;55,8760876;18.05.2018;73008;http://olymp.ru/pic/standsKID/27174.jpg;Не выбрано;0
1129;FSK_jun;1;МОСКВА;ПРИШВИНА УЛ.2;Женщина на розовом;A;0,25;ЩИТ (3х6);37,597129;55,889446;18.05.2018;73008;http://www.olymp.ru/index.php?op=sidedb&keyid=27173&no_cart=1&price=108;Не выбрано;0
1130;FSK_jun;1;МОСКВА;ПЕРОВСКАЯ УЛ. 28;Женщина на розовом;A;0,92;ТРИВИЖН (3х6);37,773453;55,746197;18.05.2018;73008;http://olymp.ru/pic/standsKID/27174.jpg;Не выбрано;0
1131;FSK_jun;1;МОСКВА;НОВОРИЖСКОЕ Ш./МКАД;Женщина на розовом;A;1,03;ТРИВИЖН (3х6);37,25805;55,791365;18.05.2018;73008;http://www.olymp.ru/index.php?op=sidedb&keyid=27173&no_cart=1&price=109;Не выбрано;0
1132;FSK_jun;1;МОСКВА;БОЛЬШАЯ ФИЛЕВСКАЯ УЛ. 11/2;Женщина на розовом;A;1,57;ЩИТ (3х6);37,502167;55,748957;18.05.2018;73008;http://olymp.ru/pic/standsKID/27174.jpg;Не выбрано;0
1133;FSK_jun;1;МОСКВА;БОРИСОВСКИЕ ПРУДЫ УЛ. (НАПР.Д.7);Женщина на розовом;A;0,56;ТРИВИЖН (3х6);37,7479989;55,6358347;18.05.2018;73008;http://www.olymp.ru/index.php?op=sidedb&keyid=27173&no_cart=1&price=110;Не выбрано;0
1134;FSK_jun;1;МОСКВА;ПЕРЕРВА УЛ. 58;Женщина на розовом;A;0,33;ЩИТ (3х6);37,7605062;55,66272;18.05.2018;73008;http://olymp.ru/pic/standsKID/27174.jpg;Не выбрано;0
1135;FSK_jun;1;МОСКВА;КРОНШТАДТСКИЙ Б-Р (М.ВОДНЫЙ СТАДИОН);Женщина на розовом;A;1,16;ЩИТ (3х6);37,4890785;55,8425486;18.05.2018;73008;http://www.olymp.ru/index.php?op=sidedb&keyid=27173&no_cart=1&price=111;Не выбрано;0
1136;FSK_jun;1;МОСКВА;МАРШАЛА ТУХАЧЕВСКОГО УЛ. 20 К.1;Женщина на розовом;A;1,78;ЩИТ (3х6);37,4801589;55,784021;18.05.2018;73008;http://olymp.ru/pic/standsKID/27174.jpg;Не выбрано;0
1137;FSK_jun;1;МОСКВА;КОЛОМЕНСКИЙ ПР. 4 С.4;Женщина на розовом;A;0,26;ЩИТ (3х6);37,637265;55,663153;18.05.2018;73008;http://www.olymp.ru/index.php?op=sidedb&keyid=27173&no_cart=1&price=112;Не выбрано;0
1138;FSK_jun;1;МОСКВА;ПРОЛЕТАРСКИЙ ПРОСП.8;Женщина на розовом;A;0,87;ЩИТ (3х6);37,6555136;55,6458501;18.05.2018;73008;http://olymp.ru/pic/standsKID/27174.jpg;Не выбрано;0
1139;FSK_jun;1;МОСКВА;ЛИПЕЦКАЯ УЛ. (НАПР.Д.28);Женщина на розовом;A;1,73;ЩИТ (3х6);37,6749452;55,5870415;18.05.2018;73008;http://www.olymp.ru/index.php?op=sidedb&keyid=27173&no_cart=1&price=113;Не выбрано;0
1140;FSK_jun;1;МОСКВА;ПОДОЛЬСКИХ КУРСАНТОВ УЛ. (ПОКРОВСКИЙ РЫНОК);Женщина на розовом;A;1,84;ЩИТ (3х6);37,6340412;55,5924442;18.05.2018;73008;http://olymp.ru/pic/standsKID/27174.jpg;Не выбрано;0
1141;FSK_jun;1;МОСКВА;БАКИНСКАЯ УЛ.26;Женщина на розовом;A;1,61;ЩИТ (3х6);37,6541907;55,6184196;18.05.2018;73008;http://www.olymp.ru/index.php?op=sidedb&keyid=27173&no_cart=1&price=114;Не выбрано;0
1142;FSK_jun;1;МОСКВА;СВОБОДНЫЙ ПРОСП.19;Женщина на розовом;A;0,31;ЩИТ (3х6);37,8207709;55,759186;18.05.2018;73008;http://olymp.ru/pic/standsKID/27174.jpg;Не выбрано;0
1143;FSK_jun;1;МОСКВА;СВОБОДЫ УЛ.24-26;Женщина на розовом;A;0,1;ЩИТ (3х6);37,4541295;55,833873;18.05.2018;73008;http://www.olymp.ru/index.php?op=sidedb&keyid=27173&no_cart=1&price=115;Не выбрано;0
1144;FSK_jun;1;МОСКВА;КОЛОМЕНСКИЙ ПР. (ПЕРЕД ТОННЕЛЕМ);Женщина на розовом;A;1,17;ЩИТ (3х6);37,6416754;55,6648442;18.05.2018;73008;http://olymp.ru/pic/standsKID/27174.jpg;Не выбрано;0
1145;FSK_jun;1;МОСКВА;КОРОВИНСКОЕ Ш.20 К.1;Женщина на розовом;A;0,09;ЩИТ (3х6);37,522691;55,87952;18.05.2018;73008;http://www.olymp.ru/index.php?op=sidedb&keyid=27173&no_cart=1&price=116;Не выбрано;0
1146;FSK_jun;1;МОСКВА;КОЛОМЕНСКИЙ ПР. (НАПР.Д.31);Женщина на розовом;A;0,68;ТРИВИЖН (3х6);37,6416754;55,6648442;18.05.2018;73008;http://olymp.ru/pic/standsKID/27174.jpg;Не выбрано;0
1147;FSK_jun;1;МОСКВА;26-ТИ БАКИНСКИХ КОМИССАРОВ УЛ.5;Женщина на розовом;A;1,51;ТРИВИЖН (3х6);37,487286;55,658725;18.05.2018;73008;http://www.olymp.ru/index.php?op=sidedb&keyid=27173&no_cart=1&price=117;Не выбрано;0
1148;FSK_jun;1;МОСКВА;ЛЕНИНГРАДСКОЕ Ш.50;Женщина на розовом;A;0,59;ЩИТ (3х6);37,4855133;55,8353947;18.05.2018;73008;http://olymp.ru/pic/standsKID/27174.jpg;Не выбрано;0
1149;FSK_jun;1;МОСКВА;ЗЕЛЕНЫЙ ПРОСП. (М.НОВОГИРЕЕВО);Женщина на розовом;A;0,87;ЩИТ (3х6);37,8182837;55,7514199;18.05.2018;73008;http://www.olymp.ru/index.php?op=sidedb&keyid=27173&no_cart=1&price=118;Не выбрано;0
1150;FSK_jun;1;МОСКВА;ПРОЛЕТАРСКИЙ ПРОСП.25;Женщина на розовом;A;1,32;КИНЕТИЧЕСКАЯ УСТАНОВКА (3х6);37,6571005;55,6363889;18.05.2018;73008;http://olymp.ru/pic/standsKID/27174.jpg;Не выбрано;0
1151;FSK_jun;1;МОСКВА;ШИПИЛОВСКИЙ ПР. (М.ОРЕХОВО);Женщина на розовом;A;1,25;ТРИВИЖН (3х6);37,69861;55,609323;18.05.2018;73008;http://www.olymp.ru/index.php?op=sidedb&keyid=27173&no_cart=1&price=119;Не выбрано;0
1152;FSK_jun;1;МОСКВА;ЛЮБЛИНСКАЯ УЛ.161;Женщина на розовом;A;0,93;ЩИТ (3х6);37,7438317;55,6524767;18.05.2018;73008;http://olymp.ru/pic/standsKID/27174.jpg;Не выбрано;0
1153;FSK_jun;1;МОСКВА;СВОБОДЫ УЛ.45;Женщина на розовом;A;0,79;ЩИТ (3х6);37,4530939;55,846511;18.05.2018;73008;http://www.olymp.ru/index.php?op=sidedb&keyid=27173&no_cart=1&price=120;Не выбрано;0
1154;FSK_jun;1;МОСКВА;ДЕЖНЕВА ПР.34;Женщина на розовом;A;0,32;ЩИТ (3х6);37,6309116;55,8705059;18.05.2018;73008;http://olymp.ru/pic/standsKID/27174.jpg;Не выбрано;0
1155;FSK_jun;1;МОСКВА;ИЗМАЙЛОВСКОЕ Ш.22;Женщина на розовом;A;0,28;ЩИТ (3х6);37,725113;55,778636;18.05.2018;73008;http://www.olymp.ru/index.php?op=sidedb&keyid=27173&no_cart=1&price=121;Не выбрано;0
1156;FSK_jun;1;МОСКВА;ВЕШНЯКОВСКАЯ УЛ. (НАПР.Д.23);Женщина на розовом;A;1,87;ЩИТ (3х6);37,82097;55,734724;18.05.2018;73008;http://olymp.ru/pic/standsKID/27174.jpg;Не выбрано;0
1157;FSK_jun;1;МОСКВА;КАСТАНАЕВСКАЯ УЛ.32;Женщина на розовом;A;0,88;ЩИТ (3х6);37,4843692;55,7367469;18.05.2018;73008;http://www.olymp.ru/index.php?op=sidedb&keyid=27173&no_cart=1&price=122;Не выбрано;0
1158;FSK_jun;1;МОСКВА;КОРОВИНСКОЕ Ш.21;Женщина на розовом;A;1,54;ЩИТ (3х6);37,5245084;55,8760876;18.05.2018;73008;http://olymp.ru/pic/standsKID/27174.jpg;Не выбрано;0
1159;FSK_jun;1;МОСКВА;ПРИШВИНА УЛ.2;Женщина на розовом;A;0,28;ЩИТ (3х6);37,597129;55,889446;18.05.2018;73008;http://www.olymp.ru/index.php?op=sidedb&keyid=27173&no_cart=1&price=123;Не выбрано;0
1160;FSK_jun;1;МОСКВА;НОВОРИЖСКОЕ Ш./МКАД;Женщина на розовом;A;0,1;ЩИТ (3х6);37,25805;55,791365;18.05.2018;73008;http://olymp.ru/pic/standsKID/27174.jpg;Не выбрано;0
1161;FSK_jun;1;МОСКВА;ПРОЛЕТАРСКИЙ ПРОСП. 2;Женщина на розовом;A;1,29;ТРИВИЖН (3х6);37,655292;55,647822;18.05.2018;73008;http://www.olymp.ru/index.php?op=sidedb&keyid=27173&no_cart=1&price=124;Не выбрано;0
1162;FSK_jun;1;МОСКВА;ПЕРЕРВА УЛ. 58;Женщина на розовом;A;1,26;ЩИТ (3х6);37,7605062;55,66272;18.05.2018;73008;http://olymp.ru/pic/standsKID/27174.jpg;Не выбрано;0
1163;FSK_jun;1;МОСКВА;КРОНШТАДТСКИЙ Б-Р (М.ВОДНЫЙ СТАДИОН);Женщина на розовом;A;1,6;ЩИТ (3х6);37,4890785;55,8425486;18.05.2018;96620;http://www.olymp.ru/index.php?op=sidedb&keyid=27173&no_cart=1&price=125;Не выбрано;0
1164;FSK_jun;1;МОСКВА;МАРШАЛА ТУХАЧЕВСКОГО УЛ. 20 К.1;Женщина на розовом;A;1,41;ТРИВИЖН (3х6);37,4801589;55,784021;18.05.2018;96620;http://olymp.ru/pic/standsKID/27174.jpg;Не выбрано;0
1165;FSK_jun;1;МОСКВА;ХОРОШЕВСКОЕ Ш.84;Женщина на розовом;A;1,05;ТРИВИЖН (3х6);37,5191991;55,7794215;18.05.2018;96620;http://www.olymp.ru/index.php?op=sidedb&keyid=27173&no_cart=1&price=126;Не выбрано;0
1166;FSK_jun;1;МОСКВА;ХОРОШЕВСКОЕ Ш.80;Женщина на розовом;A;1,32;ЩИТ (3х6);37,5228935;55,7786592;18.05.2018;96620;http://olymp.ru/pic/standsKID/27174.jpg;Не выбрано;0
1167;FSK_jun;1;МОСКВА;КУУСИНЕНА УЛ./ХОРОШЕВСКОЕ Ш.;Женщина на розовом;A;0,46;ЩИТ (3х6);37,5120679;55,7867725;18.05.2018;96620;http://www.olymp.ru/index.php?op=sidedb&keyid=27173&no_cart=1&price=127;Не выбрано;0
1168;FSK_jun;1;МОСКВА;МАРШАЛА ЖУКОВА ПРОСП./ГЕНЕРАЛА ГЛАГОЛЕВА УЛ.;Женщина на розовом;A;0,34;ТРИВИЖН (3х6);37,4603424;55,7790787;18.05.2018;96620;http://olymp.ru/pic/standsKID/27174.jpg;Не выбрано;0
1169;FSK_jun;1;МОСКВА;НАХИМОВСКИЙ ПРОСП. (НАПР.Д.21);Женщина на розовом;A;1,69;ТРИВИЖН (3х6);37,5849299;55,6706223;18.05.2018;96620;http://www.olymp.ru/index.php?op=sidedb&keyid=27173&no_cart=1&price=128;Не выбрано;0
1170;FSK_jun;1;МОСКВА;АНДРОПОВА ПРОСП. (МЕЖДУ СТАРЫМ И НОВЫМ РУСЛОМ Р.МОСКВЫ);Женщина на розовом;A;0,94;ТРИВИЖН (3х6);37,6634285;55,6783669;18.05.2018;96620;http://olymp.ru/pic/standsKID/27174.jpg;Не выбрано;0
1171;FSK_jun;1;МОСКВА;СТРОГИНСКОЕ Ш. (НАПР.Д.33 К.1);Женщина на розовом;A;0,52;ЩИТ (3х6);37,441444;55,8050089;18.05.2018;96620;http://www.olymp.ru/index.php?op=sidedb&keyid=27173&no_cart=1&price=129;Не выбрано;0
1172;FSK_jun;1;МОСКВА;БУДЕННОГО ПРОСП.21;Женщина на розовом;A;1,81;ЩИТ (3х6);37,7270979;55,772061;18.05.2018;96620;http://olymp.ru/pic/standsKID/27174.jpg;Не выбрано;0
1173;FSK_jun;1;МОСКВА;ТИМИРЯЗЕВСКАЯ УЛ./ВСЕВОЛОДА ВИШНЕВСКОГО УЛ.;Женщина на розовом;A;1,09;ТРИВИЖН (3х6);37,5729886;55,812434;18.05.2018;96620;http://www.olymp.ru/index.php?op=sidedb&keyid=27173&no_cart=1&price=130;Не выбрано;0
1174;FSK_jun;1;МОСКВА;АНДРОПОВА ПРОСП./5-Я КОЖУХОВСКАЯ УЛ.;Женщина на розовом;A;0,13;КИНЕТИЧЕСКАЯ УСТАНОВКА (3х6);37,6671328;55,7046533;18.05.2018;96620;http://olymp.ru/pic/standsKID/27174.jpg;Не выбрано;0
1175;FSK_jun;1;МОСКВА;БОТАНИЧЕСКАЯ УЛ.11;Женщина на розовом;A;0,92;ТРИВИЖН (3х6);37,6003016;55,830602;18.05.2018;96620;http://www.olymp.ru/index.php?op=sidedb&keyid=27173&no_cart=1&price=131;Не выбрано;0
1176;FSK_jun;1;МОСКВА;БУТЫРСКАЯ УЛ. 63;Женщина на розовом;A;1,99;ЩИТ (3х6);37,5831877;55,8027038;18.05.2018;96620;http://olymp.ru/pic/standsKID/27174.jpg;Не выбрано;0
1177;FSK_jun;1;МОСКВА;ЗВЕНИГОРОДСКОЕ Ш. 3А;Женщина на розовом;A;0,03;ТРИВИЖН (3х6);37,5565399;55,76355;18.05.2018;96620;http://www.olymp.ru/index.php?op=sidedb&keyid=27173&no_cart=1&price=132;Не выбрано;0
1178;FSK_jun;1;МОСКВА;КРАСНОБОГАТЫРСКАЯ УЛ. (НАПР.Д.2);Женщина на розовом;A;0,26;ЩИТ (3х6);37,7061887;55,8074117;18.05.2018;96620;http://olymp.ru/pic/standsKID/27174.jpg;Не выбрано;0
1179;FSK_jun;1;МОСКВА;СТРОГИНСКОЕ Ш. 37;Женщина на розовом;A;0,5;ТРИВИЖН (3х6);37,4512103;55,8055733;18.05.2018;96620;http://www.olymp.ru/index.php?op=sidedb&keyid=27173&no_cart=1&price=133;Не выбрано;0
1180;FSK_jun;1;МОСКВА;ГРИЗОДУБОВОЙ УЛ. 4;Женщина на розовом;A;1,62;ЩИТ (3х6);37,5230645;55,7846911;18.05.2018;96620;http://olymp.ru/pic/standsKID/27174.jpg;Не выбрано;0
1181;FSK_jun;1;МОСКВА;НАХИМОВСКИЙ ПРОСП.20;Женщина на розовом;A;1,89;ЩИТ (3х6);37,591962;55,668999;18.05.2018;96620;http://www.olymp.ru/index.php?op=sidedb&keyid=27173&no_cart=1&price=134;Не выбрано;0
1182;FSK_jun;1;МОСКВА;МИКЛУХО-МАКЛАЯ УЛ.61;Женщина на розовом;A;1,43;ЩИТ (3х6);37,5404033;55,6392678;18.05.2018;96620;http://olymp.ru/pic/standsKID/27174.jpg;Не выбрано;0
1183;FSK_jun;1;МОСКВА;МИНСКАЯ УЛ. (ЗОЛОТЫЕ КЛЮЧИ);Женщина на розовом;A;0,02;ЩИТ (3х6);37,4985851;55,711681;18.05.2018;96620;http://www.olymp.ru/index.php?op=sidedb&keyid=27173&no_cart=1&price=135;Не выбрано;0
1184;FSK_jun;1;МОСКВА;СЕВАСТОПОЛЬСКИЙ ПРОСП. (МОСТ ЧЕРЕЗ Р.ЧЕРТАНОВКУ);Женщина на розовом;A;1,79;ТРИВИЖН (3х6);37,5729658;55,6582255;18.05.2018;96620;http://olymp.ru/pic/standsKID/27174.jpg;Не выбрано;0
1185;FSK_jun;1;МОСКВА;ОБРУЧЕВА УЛ.23;Женщина на розовом;A;1,76;ЩИТ (3х6);37,53099;55,6586695;18.05.2018;96620;http://www.olymp.ru/index.php?op=sidedb&keyid=27173&no_cart=1&price=136;Не выбрано;0
1186;FSK_jun;1;МОСКВА;МИЧУРИНСКИЙ ПРОСП.5;Женщина на розовом;A;0,66;ТРИВИЖН (3х6);37,5111516;55,7035059;18.05.2018;96620;http://olymp.ru/pic/standsKID/27174.jpg;Не выбрано;0
1187;FSK_jun;1;МОСКВА;ЛОБАЧЕВСКОГО УЛ. 4;Женщина на розовом;A;1,48;ТРИВИЖН (3х6);37,507295;55,665624;18.05.2018;96620;http://www.olymp.ru/index.php?op=sidedb&keyid=27173&no_cart=1&price=137;Не выбрано;0
1188;FSK_jun;1;МОСКВА;ХОРОШЕВСКОЕ Ш.80;Женщина на розовом;A;1,03;ЩИТ (3х6);37,5228935;55,7786592;18.05.2018;96620;http://olymp.ru/pic/standsKID/27174.jpg;Не выбрано;0
1189;FSK_jun;1;МОСКВА;КУУСИНЕНА УЛ./ХОРОШЕВСКОЕ Ш.;Женщина на розовом;A;1,39;ЩИТ (3х6);37,5120679;55,7867725;18.05.2018;96620;http://www.olymp.ru/index.php?op=sidedb&keyid=27173&no_cart=1&price=138;Не выбрано;0
1190;FSK_jun;1;МОСКВА;МАРШАЛА ЖУКОВА ПРОСП./ГЕНЕРАЛА ГЛАГОЛЕВА УЛ.;Женщина на розовом;A;1,13;ТРИВИЖН (3х6);37,4603424;55,7790787;18.05.2018;96620;http://olymp.ru/pic/standsKID/27174.jpg;Не выбрано;0
1191;FSK_jun;1;МОСКВА;НАХИМОВСКИЙ ПРОСП. (НАПР.Д.21);Женщина на розовом;A;0,09;ТРИВИЖН (3х6);37,5849299;55,6706223;18.05.2018;96620;http://www.olymp.ru/index.php?op=sidedb&keyid=27173&no_cart=1&price=139;Не выбрано;0
1192;FSK_jun;1;МОСКВА;АНДРОПОВА ПРОСП. (МЕЖДУ СТАРЫМ И НОВЫМ РУСЛОМ Р.МОСКВЫ);Женщина на розовом;A;1,94;ТРИВИЖН (3х6);37,6634285;55,6783669;18.05.2018;96620;http://olymp.ru/pic/standsKID/27174.jpg;Не выбрано;0
1193;FSK_jun;1;МОСКВА;БОЛЬШАЯ СЕМЕНОВСКАЯ УЛ.2;Женщина на розовом;A;0,23;ЩИТ (3х6);37,7100453;55,782214;18.05.2018;96620;http://www.olymp.ru/index.php?op=sidedb&keyid=27173&no_cart=1&price=140;Не выбрано;0
1194;FSK_jun;1;МОСКВА;БУДЕННОГО ПРОСП.21;Женщина на розовом;A;1,97;ЩИТ (3х6);37,7270979;55,772061;18.05.2018;96620;http://olymp.ru/pic/standsKID/27174.jpg;Не выбрано;0
1195;FSK_jun;1;МОСКВА;ТИМИРЯЗЕВСКАЯ УЛ./ВСЕВОЛОДА ВИШНЕВСКОГО УЛ.;Женщина на розовом;A;1,03;ЩИТ (3х6);37,5729886;55,812434;18.05.2018;96620;http://www.olymp.ru/index.php?op=sidedb&keyid=27173&no_cart=1&price=141;Не выбрано;0
1196;FSK_jun;1;МОСКВА;ЗОРГЕ УЛ.19;Женщина на розовом;A;1,88;ЩИТ (3х6);37,50773;55,787325;18.05.2018;96620;http://olymp.ru/pic/standsKID/27174.jpg;Не выбрано;0
1197;FSK_jun;1;МОСКВА;ЩЕРБАКОВСКАЯ УЛ.40/42;Женщина на розовом;A;1,08;ТРИВИЖН (3х6);37,7342181;55,781875;18.05.2018;96620;http://www.olymp.ru/index.php?op=sidedb&keyid=27173&no_cart=1&price=142;Не выбрано;0
1198;FSK_jun;1;МОСКВА;ДМИТРОВСКОЕ Ш.74 К.1;Женщина на розовом;A;0,7;ЩИТ (3х6);37,5555719;55,860445;18.05.2018;102659;http://olymp.ru/pic/standsKID/27174.jpg;Не выбрано;0
1199;FSK_jun;1;МОСКВА;ДМИТРОВСКОЕ Ш. (НАПР.Д.9);Женщина на розовом;A;0,14;ЩИТ (3х6);37,5755478;55,8153573;18.05.2018;102659;http://www.olymp.ru/index.php?op=sidedb&keyid=27173&no_cart=1&price=143;Не выбрано;0
1200;FSK_jun;1;МОСКВА;БОЛЬШАЯ ЧЕРКИЗОВСКАЯ УЛ. (НАПР.Д.26 К.1);Женщина на розовом;A;0,29;ЩИТ (3х6);37,7298013;55,7986274;18.05.2018;102659;http://olymp.ru/pic/standsKID/27174.jpg;Не выбрано;0
1201;FSK_jun;1;МОСКВА;ВОЛОКОЛАМСКОЕ Ш.88;Женщина на розовом;A;0,29;ТРИВИЖН (3х6);37,440851;55,8234001;18.05.2018;102659;http://www.olymp.ru/index.php?op=sidedb&keyid=27173&no_cart=1&price=144;Не выбрано;0
1202;FSK_jun;1;МОСКВА;ПРОФСОЮЗНАЯ УЛ. 108;Женщина на розовом;A;0,38;ТРИВИЖН (3х6);37,523263;55,640224;18.05.2018;102659;http://olymp.ru/pic/standsKID/27174.jpg;Не выбрано;0
1203;FSK_jun;1;МОСКВА;ДМИТРИЯ УЛЬЯНОВА УЛ./НОВОЧЕРЕМУШКИНСКАЯ УЛ.;Женщина на розовом;A;1,76;ТРИВИЖН (3х6);37,5813764;55,6846581;18.05.2018;102659;http://www.olymp.ru/index.php?op=sidedb&keyid=27173&no_cart=1&price=145;Не выбрано;0
1204;FSK_jun;1;МОСКВА;ВЕРНАДСКОГО ПРОСП. (М.ЮГО-ЗАПАДНАЯ);Женщина на розовом;A;1,77;ТРИВИЖН (3х6);37,4843114;55,664465;18.05.2018;102659;http://olymp.ru/pic/standsKID/27174.jpg;Не выбрано;0
1205;FSK_jun;1;МОСКВА;ВОЛГОГРАДСКИЙ ПРОСП.41;Женщина на розовом;A;1;КИНЕТИЧЕСКАЯ УСТАНОВКА (3х6);37,716453;55,715097;18.05.2018;102659;http://www.olymp.ru/index.php?op=sidedb&keyid=27173&no_cart=1&price=146;Не выбрано;0
1206;FSK_jun;1;МОСКВА;ВОЛОКОЛАМСКОЕ Ш.116;Женщина на розовом;A;1,38;ТРИВИЖН (3х6);37,4141609;55,8293842;18.05.2018;102659;http://olymp.ru/pic/standsKID/27174.jpg;Не выбрано;0
1207;FSK_jun;1;МОСКВА;ВАРШАВСКОЕ Ш.26;Женщина на розовом;A;1,92;ТРИВИЖН (3х6);37,6218802;55,6848221;18.05.2018;102659;http://www.olymp.ru/index.php?op=sidedb&keyid=27173&no_cart=1&price=147;Не выбрано;0
1208;FSK_jun;1;МОСКВА;ВОЛГОГРАДСКИЙ ПРОСП.7;Женщина на розовом;A;0,85;ТРИВИЖН (3х6);37,6739385;55,7314997;18.05.2018;102659;http://olymp.ru/pic/standsKID/27174.jpg;Не выбрано;0
1209;FSK_jun;1;МОСКВА;НИЖЕГОРОДСКАЯ УЛ.7;Женщина на розовом;A;1,57;КИНЕТИЧЕСКАЯ УСТАНОВКА (3х6);37,6804554;55,7388138;18.05.2018;102659;http://www.olymp.ru/index.php?op=sidedb&keyid=27173&no_cart=1&price=148;Не выбрано;0
1210;FSK_jun;1;МОСКВА;РЯЗАНСКИЙ ПРОСП./ВОСТРУЛИНА УЛ.;Женщина на розовом;A;1,05;КИНЕТИЧЕСКАЯ УСТАНОВКА (3х6);37,7808815;55,7193861;18.05.2018;102659;http://olymp.ru/pic/standsKID/27174.jpg;Не выбрано;0
1211;FSK_jun;1;МОСКВА;ЭНТУЗИАСТОВ Ш.60;Женщина на розовом;A;0,39;ТРИВИЖН (3х6);37,7739707;55,7623984;18.05.2018;102659;http://www.olymp.ru/index.php?op=sidedb&keyid=27173&no_cart=1&price=149;Не выбрано;0
1212;FSK_jun;1;МОСКВА;ВОЛГОГРАДСКИЙ ПРОСП. (М.КУЗЬМИНКИ);Женщина на розовом;A;0,79;ТРИВИЖН (3х6);37,7669158;55,705137;18.05.2018;102659;http://olymp.ru/pic/standsKID/27174.jpg;Не выбрано;0
1213;FSK_jun;1;МОСКВА;РЯЗАНСКИЙ ПРОСП./2-Я ИНСТИТУТСКАЯ УЛ.;Женщина на розовом;A;0,36;ЩИТ (3х6);37,777533;55,720775;18.05.2018;102659;http://www.olymp.ru/index.php?op=sidedb&keyid=27173&no_cart=1&price=150;Не выбрано;0
1214;FSK_jun;1;МОСКВА;СЕРПУХОВСКОЙ ЗАСТАВЫ ПЛ./МАЛАЯ ТУЛЬСКАЯ УЛ.;Женщина на розовом;A;0,36;ЩИТ (3х6);37,6238176;55,7105124;18.05.2018;102659;http://olymp.ru/pic/standsKID/27174.jpg;Не выбрано;0
1215;FSK_jun;1;МОСКВА;ЯРОСЛАВСКОЕ Ш.6;Женщина на розовом;A;0,43;ТРИВИЖН (3х6);37,6810423;55,8530644;18.05.2018;102659;http://www.olymp.ru/index.php?op=sidedb&keyid=27173&no_cart=1&price=151;Не выбрано;0
1216;FSK_jun;1;МОСКВА;АМИНЬЕВСКОЕ Ш./2-Й ВРАЖСКИЙ ПЕР.;Женщина на розовом;A;0,71;ТРИВИЖН (3х6);37,4576954;55,7031579;18.05.2018;102659;http://olymp.ru/pic/standsKID/27174.jpg;Не выбрано;0
1217;FSK_jun;1;МОСКВА;ВОЛГОГРАДСКИЙ ПРОСП./ТРЕТЬЕ ТРАНСПОРТНОЕ КОЛЬЦО;Женщина на розовом;A;0,02;ТРИВИЖН (3х6);37,6849129;55,7590842;18.05.2018;102659;http://www.olymp.ru/index.php?op=sidedb&keyid=27173&no_cart=1&price=152;Не выбрано;0
1218;FSK_jun;1;МОСКВА;ЛОМОНОСОВСКИЙ ПРОСП. (БИБЛИОТЕКА МГУ);Женщина на розовом;A;1,19;ТРИВИЖН (3х6);37,523453;55,698835;18.05.2018;102659;http://olymp.ru/pic/standsKID/27174.jpg;Не выбрано;0
1219;FSK_jun;1;МОСКВА;ЛЕНИНСКИЙ ПРОСП. (МЕЖДУ ОБРУЧЕВА УЛ. И МИКЛУХО-МАКЛАЯ УЛ.);Женщина на розовом;A;0,38;КИНЕТИЧЕСКАЯ УСТАНОВКА (3х6);37,5390684;55,6839364;18.05.2018;102659;http://www.olymp.ru/index.php?op=sidedb&keyid=27173&no_cart=1&price=153;Не выбрано;0
1220;FSK_jun;1;МОСКВА;ЩЕЛКОВСКОЕ Ш. 45-47;Женщина на розовом;A;1,41;КИНЕТИЧЕСКАЯ УСТАНОВКА (3х6);37,7870441;55,810403;18.05.2018;102659;http://olymp.ru/pic/standsKID/27174.jpg;Не выбрано;0
1221;FSK_jun;1;МОСКВА;ЯРОСЛАВСКОЕ Ш. 136;Женщина на розовом;A;1,11;ТРИВИЖН (3х6);37,7171322;55,8743368;18.05.2018;102659;http://www.olymp.ru/index.php?op=sidedb&keyid=27173&no_cart=1&price=154;Не выбрано;0
1222;FSK_jun;1;МОСКВА;КАШИРСКОЕ Ш. 42;Женщина на розовом;A;1,79;ТРИВИЖН (3х6);37,6628439;55,6490664;18.05.2018;102659;http://olymp.ru/pic/standsKID/27174.jpg;Не выбрано;0
1223;FSK_jun;1;МОСКВА;ВАРШАВСКОЕ Ш. 143;Женщина на розовом;A;0,33;ТРИВИЖН (3х6);37,5995416;55,5833421;18.05.2018;102659;http://www.olymp.ru/index.php?op=sidedb&keyid=27173&no_cart=1&price=155;Не выбрано;0
1224;FSK_jun;1;МОСКВА;ЛЕНИНГРАДСКОЕ Ш. 126;Женщина на розовом;A;1,75;ЦИФРОВОЙ БИЛЛБОРД (3х6);37,461875;55,869146;18.05.2018;125606;http://olymp.ru/pic/standsKID/27174.jpg;Не выбрано;0
1225;FSK_jun;1;МОСКВА;ВАРШАВСКОЕ Ш.;Женщина на розовом;A;0,45;КОНСТРУКЦИЯ НА СТОЙКЕ;37,6081778;55,6095157;18.05.2018;270000;http://www.olymp.ru/index.php?op=sidedb&keyid=27173&no_cart=1&price=156;Не выбрано;0
1226;FSK_jun;1;МОСКВА;ЛЕНИНГРАДСКОЕ Ш. (3000 М ОТ МКАД);Женщина на розовом;A;1,86;ЦИФРОВОЙ БИЛЛБОРД (Крупный);37,4127372;55,6913912;18.05.2018;350000;http://olymp.ru/pic/standsKID/27174.jpg;Не выбрано;0
1227;FSK_jun;1;МОСКВА;ВАРШАВСКОЕ Ш.;Женщина на розовом;A;0,38;ЦИФРОВОЙ БИЛЛБОРД (Крупный);37,6081778;55,6095157;18.05.2018;350000;http://www.olymp.ru/index.php?op=sidedb&keyid=27173&no_cart=1&price=157;Не выбрано;0
1228;FSK_jun;1;МОСКВА;КРЫЛАТСКАЯ УЛ. (НАПР.Д.21);Женщина на розовом;B;1,27;КИНЕТИЧЕСКАЯ УСТАНОВКА (3х6);37,4172251;55,771249;18.05.2018;73008;http://olymp.ru/pic/standsKID/27174.jpg;Не выбрано;0
1229;FSK_jun;1;МОСКВА;АЛТУФЬЕВСКОЕ Ш. 79А;Женщина на розовом;B;1,52;ТРИВИЖН (3х6);37,585522;55,886535;18.05.2018;96620;http://www.olymp.ru/index.php?op=sidedb&keyid=27173&no_cart=1&price=158;Не выбрано;0
1230;FSK_jun;1;МОСКВА;АЛТУФЬЕВСКОЕ Ш. 13 К.2;Женщина на розовом;B;0,21;ЩИТ (3х6);37,583356;55,854537;18.05.2018;96620;http://olymp.ru/pic/standsKID/27174.jpg;Не выбрано;0
1231;FSK_jun;1;МОСКВА;МИЧУРИНСКИЙ ПРОСП.30;Женщина на розовом;B;1,23;ЩИТ (3х6);37,499974;55,6993684;18.05.2018;96620;http://www.olymp.ru/index.php?op=sidedb&keyid=27173&no_cart=1&price=159;Не выбрано;0
1232;FSK_jun;1;МОСКВА;ЛОБАЧЕВСКОГО УЛ. (НАПР.Д.92);Женщина на розовом;B;0,83;КИНЕТИЧЕСКАЯ УСТАНОВКА (3х6);37,4821696;55,6793484;18.05.2018;102659;http://olymp.ru/pic/standsKID/27174.jpg;Не выбрано;0
1233;FSK_jun;1;МОСКВА;СЕВАСТОПОЛЬСКИЙ ПРОСП.26;Женщина на розовом;B;1,73;КИНЕТИЧЕСКАЯ УСТАНОВКА (3х6);37,580713;55,667141;18.05.2018;102659;http://www.olymp.ru/index.php?op=sidedb&keyid=27173&no_cart=1&price=160;Не выбрано;0
1234;FSK_jun;1;МОСКВА;ЭНТУЗИАСТОВ Ш./МКАД;Женщина на розовом;B;0,48;ТРИВИЖН (3х6);37,8713733;55,7851809;18.05.2018;102659;http://olymp.ru/pic/standsKID/27174.jpg;Не выбрано;0
1235;FSK_jun;1;МОСКВА;ПРОФСОЮЗНАЯ УЛ.76;Женщина на розовом;B;0,52;КИНЕТИЧЕСКАЯ УСТАНОВКА (3х6);37,543237;55,661492;18.05.2018;102659;http://www.olymp.ru/index.php?op=sidedb&keyid=27173&no_cart=1&price=161;Не выбрано;0
1236;FSK_jun;1;МОСКВА;АКАДЕМИКА КОРОЛЕВА УЛ.3;Женщина на розовом;B;0,35;ЩИТ (3х6);37,6328309;55,820888;18.05.2018;102659;http://olymp.ru/pic/standsKID/27174.jpg;Не выбрано;0
1237;FSK_jun;1;МОСКВА;СТАНЦИОННЫЙ ПР. (М.ТУШИНСКАЯ);Женщина на розовом;B;1,05;ЩИТ (3х6);37,4366454;55,8271006;18.05.2018;102659;http://www.olymp.ru/index.php?op=sidedb&keyid=27173&no_cart=1&price=162;Не выбрано;0
1238;FSK_jun;1;МОСКВА;ВЕРНАДСКОГО ПРОСП. 29;Женщина на розовом;B;0,1;ЩИТ (3х6);37,5163885;55,6817816;18.05.2018;102659;http://olymp.ru/pic/standsKID/27174.jpg;Не выбрано;0
1239;FSK_jun;1;МОСКВА;ЛЕНИНСКИЙ ПРОСП. (НАПР.Д.148);Женщина на розовом;B;1,01;КИНЕТИЧЕСКАЯ УСТАНОВКА (3х6);37,5390684;55,6839364;18.05.2018;102659;http://www.olymp.ru/index.php?op=sidedb&keyid=27173&no_cart=1&price=163;Не выбрано;0
1240;FSK_jun;1;МОСКВА;ЭНТУЗИАСТОВ Ш./МКАД;Женщина на розовом;B;0,38;ТРИВИЖН (3х6);37,8713733;55,7851809;18.05.2018;102659;http://olymp.ru/pic/standsKID/27174.jpg;Не выбрано;0
1241;FSK_jun;1;МОСКВА;РЯЗАНСКИЙ ПРОСП.20;Женщина на розовом;B;1,53;ЩИТ (3х6);37,768395;55,722961;18.05.2018;102659;http://www.olymp.ru/index.php?op=sidedb&keyid=27173&no_cart=1&price=164;Не выбрано;0
1242;FSK_jun;1;МОСКВА;АКАДЕМИКА КОРОЛЕВА УЛ.3;Женщина на розовом;B;1,41;КИНЕТИЧЕСКАЯ УСТАНОВКА (3х6);37,6328309;55,820888;18.05.2018;102659;http://olymp.ru/pic/standsKID/27174.jpg;Не выбрано;0
1243;FSK_jun;1;МОСКВА;СТАНЦИОННЫЙ ПР. (М.ТУШИНСКАЯ);Женщина на розовом;B;0,18;ЦИФРОВОЙ БИЛЛБОРД (3х6);37,4366454;55,8271006;18.05.2018;125606;http://www.olymp.ru/index.php?op=sidedb&keyid=27173&no_cart=1&price=165;Не выбрано;0
1244;FSK_jun;1;МОСКВА;ВЕРНАДСКОГО ПРОСП.11-13;Женщина на розовом;B;0,62;ЦИФРОВОЙ БИЛЛБОРД (3х6);37,5287458;55,6879449;18.05.2018;125606;http://olymp.ru/pic/standsKID/27174.jpg;Не выбрано;0
1245;FSK_jun;1;МОСКВА;ЛЕНИНСКИЙ ПРОСП. 131;Женщина на розовом;B;0,48;ЩИТ (3х6);37,4734849;55,643986;18.05.2018;138894;http://www.olymp.ru/index.php?op=sidedb&keyid=27173&no_cart=1&price=166;Не выбрано;0
1246;FSK_jun;1;МОСКВА;КОМСОМОЛЬСКИЙ ПРОСП.41;Женщина на розовом;B;0,27;ЩИТ (3х6);37,5750884;55,7210981;18.05.2018;138894;http://olymp.ru/pic/standsKID/27174.jpg;Не выбрано;0
1247;FSK_jun;1;МОСКВА;КОМСОМОЛЬСКИЙ ПРОСП.14/1 К.1;Женщина на розовом;B;0,03;ЩИТ (3х6);37,5891259;55,7310519;18.05.2018;138894;http://www.olymp.ru/index.php?op=sidedb&keyid=27173&no_cart=1&price=167;Не выбрано;0
1248;FSK_jun;1;МОСКВА;ЛЕНИНСКИЙ ПРОСП.85;Женщина на розовом;B;0,83;ЦИФРОВОЙ БИЛЛБОРД (3х6);37,5356586;55,6807093;18.05.2018;180562;http://olymp.ru/pic/standsKID/27174.jpg;Не выбрано;0
1249;FSK_jun;1;МОСКВА;КОМСОМОЛЬСКИЙ ПРОСП.41;Женщина на розовом;B;0,53;ЦИФРОВОЙ БИЛЛБОРД (3х6);37,5750884;55,7210981;18.05.2018;180562;http://www.olymp.ru/index.php?op=sidedb&keyid=27173&no_cart=1&price=168;Не выбрано;0
1250;FSK_jun;1;МОСКВА;КУТУЗОВСКИЙ ПРОСП. (НАПР. ПАРКА ПОБЕДЫ);Женщина на розовом;B;1,56;ЦИФРОВОЙ БИЛЛБОРД (3х6);37,5174924;55,7358848;18.05.2018;180562;http://olymp.ru/pic/standsKID/27174.jpg;Не выбрано;0
1251;FSK_jun;1;МОСКВА;ВОЛОКОЛАМСКОЕ Ш. (МЦК);Женщина на розовом;B;0,83;ПИЛЛАР;37,4869813;55,8137472;18.05.2018;17000;http://www.olymp.ru/index.php?op=sidedb&keyid=27173&no_cart=1&price=169;Не выбрано;0
1252;FSK_jun;1;МОСКВА;КРАСНОПРУДНАЯ УЛ.6;Женщина на розовом;C;1,6;ПИЛЛАР;37,6588809;55,7761599;18.05.2018;17000;http://olymp.ru/pic/standsKID/27174.jpg;Не выбрано;0
1253;FSK_jun;1;МОСКВА;ЛЕНИНСКИЙ ПРОСП.28;Женщина на розовом;C;1,09;ПИЛЛАР;37,5886861;55,713563;18.05.2018;17000;http://www.olymp.ru/index.php?op=sidedb&keyid=27173&no_cart=1&price=170;Не выбрано;0
